<?xml version="1.0" encoding="UTF-8"?>

<mule xmlns:ee="http://www.mulesoft.org/schema/mule/ee/core" xmlns:salesforce="http://www.mulesoft.org/schema/mule/salesforce"
	xmlns="http://www.mulesoft.org/schema/mule/core"
	xmlns:doc="http://www.mulesoft.org/schema/mule/documentation" xmlns:xsi="http://www.w3.org/2001/XMLSchema-instance" xsi:schemaLocation="http://www.mulesoft.org/schema/mule/core http://www.mulesoft.org/schema/mule/core/current/mule.xsd
http://www.mulesoft.org/schema/mule/salesforce http://www.mulesoft.org/schema/mule/salesforce/current/mule-salesforce.xsd
http://www.mulesoft.org/schema/mule/ee/core http://www.mulesoft.org/schema/mule/ee/core/current/mule-ee.xsd">
	<flow name="sf-insert-contactFlow" doc:id="8b30b4aa-de04-4a9b-a092-222c44b91cd6" >
		<logger level="INFO" doc:name="Logger" doc:id="1b146bef-17d6-4f5c-935d-4edf3490feb2" message="sf-insert-contact flow initiated"/>
		<set-payload value='#[%dw 2.0 output application/json ---
[{
    "Department": "Procurement",
    "Email": "rose1@edge.com",
    "FirstName": "Rose1",
    "Phone": "(512) 757-6000",
    "MailingCountry": null,
    "MailingCity": null,
    "LastName": "Gonzalez",
    "type": "Contact",
    "Salutation": "Ms.",
    "MobilePhone": "(512) 757-9340",
    "Name": "Rose Gonzalez"
  }]]' doc:name="Set Payload" doc:id="698b4496-ef98-4a5c-875e-05c5f277d87e" />
		<ee:transform doc:name="Transform Message" doc:id="d0af43ad-246e-4756-9f9c-bf0fa9693f64" >
			<ee:message >
				<ee:set-payload ><![CDATA[%dw 2.0
output application/java
---
payload map ( payload01 , indexOfPayload01 ) -> {
	LastName: payload01.LastName,
	FirstName: payload01.FirstName,
	Salutation: payload01.Salutation,
	MailingCity: payload01.MailingCity,
	MailingCountry: payload01.MailingCountry,
	Phone: payload01.Phone,
	MobilePhone: payload01.MobilePhone,
	Email: payload01.Email,
	Department: payload01.Department
}]]></ee:set-payload>
			</ee:message>
		</ee:transform>
		<salesforce:create type="Contact" doc:name="Create" doc:id="2d896930-1816-4754-bca6-e286ff486dd9" config-ref="Salesforce_Config"/>
		<ee:transform doc:name="Transform Message" doc:id="b8122303-2eab-4f8f-965f-989356aa9a8a" >
			<ee:message >
				<ee:set-payload ><![CDATA[%dw 2.0
output application/json
---
payload]]></ee:set-payload>
			</ee:message>
		</ee:transform>
		<logger level="INFO" doc:name="Logger" doc:id="96fa7787-f69b-494c-8bd1-3402e90c5ed7" message="out:  #[payload]"/>
	</flow>
</mule>
