<?xml version="1.0" encoding="UTF-8"?>

<mule xmlns:ee="http://www.mulesoft.org/schema/mule/ee/core" xmlns:salesforce="http://www.mulesoft.org/schema/mule/salesforce"
	xmlns="http://www.mulesoft.org/schema/mule/core"
	xmlns:doc="http://www.mulesoft.org/schema/mule/documentation" xmlns:xsi="http://www.w3.org/2001/XMLSchema-instance" xsi:schemaLocation="http://www.mulesoft.org/schema/mule/core http://www.mulesoft.org/schema/mule/core/current/mule.xsd
http://www.mulesoft.org/schema/mule/salesforce http://www.mulesoft.org/schema/mule/salesforce/current/mule-salesforce.xsd
http://www.mulesoft.org/schema/mule/ee/core http://www.mulesoft.org/schema/mule/ee/core/current/mule-ee.xsd">
	
	<flow name="sf-retireve-account" doc:id="1bf2abd3-0f6c-41f1-aed4-b057b5afdce7" >
		<logger level="INFO" doc:name="Logger" doc:id="34c52f31-35e4-41ae-bd02-3cc263b0db57" message="sf-retrieve emp flow initiated"/>
		<salesforce:query-all doc:name="Query all" doc:id="9330ef02-1165-44ca-ac9d-531340d63a15" config-ref="Salesforce_Config">
			<salesforce:salesforce-query >SELECT Id,Name,AccountNumber,OwnerId,AnnualRevenue,BillingAddress,Industry,Phone,Website,Type,TickerSymbol FROM Account</salesforce:salesforce-query>
		</salesforce:query-all>
		<ee:transform doc:name="Transform Message" doc:id="4572e7d6-f2bc-4f8f-ae29-99333213463d" >
			<ee:message >
				<ee:set-payload ><![CDATA[%dw 2.0
output application/json
---
payload]]></ee:set-payload>
			</ee:message>
		</ee:transform>
		<logger level="INFO" doc:name="Logger" doc:id="471ebdcb-2171-4abb-8fe2-0b5e0f283e99" message="out : #[payload]"/>
	</flow>
	<flow name="sf-retireve-contact" doc:id="cffaf254-920a-43c8-9e16-1954e36b3774" >
		<logger level="INFO" doc:name="Logger" doc:id="6535e6af-e5fb-46f7-8c1b-0c3da9304f2d" message="sf-retrieve emp flow initiated"/>
		<salesforce:query-all doc:name="Query all" doc:id="cf110526-763e-4fb2-bfc0-3899a0624c84" config-ref="Salesforce_Config">
			<salesforce:salesforce-query >select Id,Salutation,FirstName,LastName,Name,Phone,MobilePhone,Department,Email,MailingCity,MailingCountry FROM Contact</salesforce:salesforce-query>
		</salesforce:query-all>
		<ee:transform doc:name="Transform Message" doc:id="683b4b54-8ba3-4dc3-bbcf-6619ee3a2908" >
			<ee:message >
				<ee:set-payload ><![CDATA[%dw 2.0
output application/json
---
payload]]></ee:set-payload>
			</ee:message>
		</ee:transform>
		<logger level="INFO" doc:name="Logger" doc:id="34e61a4d-aee3-4092-9b41-67e6f05ef94a" message="out : #[payload]"/>
	</flow>
</mule>
